{"last_location": [[46.94389, 31.98527], [5.83153, 80.25011], [5.83153, 80.25011], [5.83153, 80.25011], [5.83153, 80.25011], [5.83153, 80.25011], [5.83153, 80.25011], [5.83153, 80.25011], [5.83153, 80.25011]], "predicted_current_location": [[47.64363038521099, 32.2366237089323], [6.390467214273798, 29.174214332130944], [6.390467214273798, 29.174214332130944], [6.390467214273798, 29.174214332130944], [6.390467214273798, 29.174214332130944], [6.390467214273798, 29.174214332130944], [6.390467214273798, 29.174214332130944], [6.390467214273798, 29.174214332130944], [6.390467214273798, 29.174214332130944]], "warning_text": ["Suez Canal Southern Anchorage, Egypt.Alert duty crew onboard an anchored container ship noticed two unauthorized persons attempting to board via the anchor chain and directed the searchlight towards the persons resulting in the boarding attempt being aborted and the persons moving away. ", "Official WARNING of WIND GUSTSwind gusts", "Official WARNING of WIND GUSTSwind gusts", "Wind - Warnings for IJmuiden - The NetherlandsModerate Wind warning", "Wind - Warnings for Hoek van Holland - The NetherlandsModerate Wind warning", "Wind - Warnings for Rottum - The NetherlandsModerate Wind warning", "Wind - Warnings for Texel - The NetherlandsModerate Wind warning", "Wind - Warnings for Vlissingen - The NetherlandsModerate Wind warning", "Official WARNING of HEAVY THUNDERSTORMSheavy thunderstorms with gale- or storm-force gusts"], "event": ["Piracy Warning", "Weather Warning", "Weather Warning", "Weather Warning", "Weather Warning", "Weather Warning", "Weather Warning", "Weather Warning", "Weather Warning"], "time": [null, null, null, null, null, null, null, null, null]}